account_id,name,upi_id,bank,city,account_type,risk_level,is_mule,created_at
ACC00001,Demo User 0001,user00001@safeupi,DemoBank-A,Mumbai,customer,low,0,2025-03-08T01:00:00
ACC00002,Demo User 0002,user00002@safeupi,DemoBank-B,Lucknow,customer,low,0,2024-01-28T17:00:00
ACC00003,Demo User 0003,user00003@safeupi,DemoBank-B,Pune,customer,low,0,2024-10-11T00:00:00
ACC00004,Demo User 0004,user00004@safeupi,DemoBank-A,Mumbai,customer,low,0,2026-02-20T10:00:00
ACC00005,Demo User 0005,user00005@safeupi,DemoBank-C,Delhi,customer,low,0,2024-12-18T19:00:00
ACC00006,Demo User 0006,user00006@safeupi,DemoBank-C,Ahmedabad,merchant,low,0,2025-01-22T02:00:00
ACC00007,Demo User 0007,user00007@safeupi,DemoBank-B,Mumbai,customer,high,1,2025-01-05T18:00:00
ACC00008,Demo User 0008,user00008@safeupi,DemoBank-B,Mumbai,customer,low,0,2024-10-23T02:00:00
ACC00009,Demo User 0009,user00009@safeupi,DemoBank-B,Kolkata,customer,low,0,2026-05-04T11:00:00
ACC00010,Demo User 0010,user00010@safeupi,DemoBank-A,Ahmedabad,customer,low,0,2025-12-19T21:00:00
ACC00011,Demo User 0011,user00011@safeupi,DemoBank-D,Pune,customer,low,0,2024-09-07T05:00:00
ACC00012,Demo User 0012,user00012@safeupi,DemoBank-B,Kolkata,customer,medium,0,2025-12-05T17:00:00
ACC00013,Demo User 0013,user00013@safeupi,DemoBank-C,Pune,customer,medium,0,2024-08-22T01:00:00
ACC00014,Demo User 0014,user00014@safeupi,DemoBank-C,Hyderabad,customer,low,0,2025-08-03T22:00:00
ACC00015,Demo User 0015,user00015@safeupi,DemoBank-B,Chennai,customer,low,0,2025-10-20T14:00:00
ACC00016,Demo User 0016,user00016@safeupi,DemoBank-D,Ahmedabad,customer,low,0,2025-07-05T08:00:00
ACC00017,Demo User 0017,user00017@safeupi,DemoBank-D,Mumbai,customer,low,0,2024-05-21T16:00:00
ACC00018,Demo User 0018,user00018@safeupi,DemoBank-B,Pune,customer,medium,0,2024-06-05T20:00:00
ACC00019,Demo User 0019,user00019@safeupi,DemoBank-C,Lucknow,merchant,low,0,2025-09-02T14:00:00
ACC00020,Demo User 0020,user00020@safeupi,DemoBank-C,Kolkata,customer,low,0,2026-01-08T03:00:00
ACC00021,Demo User 0021,user00021@safeupi,DemoBank-C,Lucknow,customer,low,0,2025-04-09T00:00:00
ACC00022,Demo User 0022,user00022@safeupi,DemoBank-C,Lucknow,customer,low,0,2024-04-18T20:00:00
ACC00023,Demo User 0023,user00023@safeupi,DemoBank-A,Ahmedabad,customer,low,0,2026-02-19T05:00:00
ACC00024,Demo User 0024,user00024@safeupi,DemoBank-B,Delhi,customer,low,0,2025-01-06T09:00:00
ACC00025,Demo User 0025,user00025@safeupi,DemoBank-D,Mumbai,merchant,low,0,2024-03-21T02:00:00
ACC00026,Demo User 0026,user00026@safeupi,DemoBank-D,Lucknow,customer,low,0,2024-05-08T04:00:00
ACC00027,Demo User 0027,user00027@safeupi,DemoBank-D,Hyderabad,merchant,high,1,2025-06-24T19:00:00
ACC00028,Demo User 0028,user00028@safeupi,DemoBank-C,Pune,merchant,low,0,2025-12-07T06:00:00
ACC00029,Demo User 0029,user00029@safeupi,DemoBank-D,Lucknow,customer,high,1,2025-10-27T11:00:00
ACC00030,Demo User 0030,user00030@safeupi,DemoBank-A,Ahmedabad,customer,low,0,2024-03-06T10:00:00
ACC00031,Demo User 0031,user00031@safeupi,DemoBank-A,Hyderabad,customer,low,0,2024-01-08T02:00:00
ACC00032,Demo User 0032,user00032@safeupi,DemoBank-B,Chennai,customer,low,0,2024-12-04T02:00:00
ACC00033,Demo User 0033,user00033@safeupi,DemoBank-D,Hyderabad,customer,low,0,2024-05-15T23:00:00
ACC00034,Demo User 0034,user00034@safeupi,DemoBank-A,Pune,customer,medium,0,2024-07-13T03:00:00
ACC00035,Demo User 0035,user00035@safeupi,DemoBank-A,Mumbai,customer,low,0,2026-06-03T23:00:00
ACC00036,Demo User 0036,user00036@safeupi,DemoBank-A,Hyderabad,customer,high,1,2026-01-15T10:00:00
ACC00037,Demo User 0037,user00037@safeupi,DemoBank-B,Chennai,customer,low,0,2024-05-23T13:00:00
ACC00038,Demo User 0038,user00038@safeupi,DemoBank-A,Delhi,customer,medium,0,2024-03-18T14:00:00
ACC00039,Demo User 0039,user00039@safeupi,DemoBank-B,Bengaluru,customer,low,0,2024-01-16T02:00:00
ACC00040,Demo User 0040,user00040@safeupi,DemoBank-A,Bengaluru,customer,low,0,2026-06-04T12:00:00
ACC00041,Demo User 0041,user00041@safeupi,DemoBank-C,Pune,customer,high,0,2024-09-28T14:00:00
ACC00042,Demo User 0042,user00042@safeupi,DemoBank-D,Bengaluru,customer,low,0,2026-03-13T17:00:00
ACC00043,Demo User 0043,user00043@safeupi,DemoBank-A,Kolkata,customer,low,0,2024-02-29T18:00:00
ACC00044,Demo User 0044,user00044@safeupi,DemoBank-B,Delhi,merchant,low,0,2025-05-29T16:00:00
ACC00045,Demo User 0045,user00045@safeupi,DemoBank-A,Hyderabad,customer,low,0,2024-07-09T02:00:00
ACC00046,Demo User 0046,user00046@safeupi,DemoBank-A,Ahmedabad,customer,medium,0,2025-08-06T07:00:00
ACC00047,Demo User 0047,user00047@safeupi,DemoBank-C,Chennai,customer,low,0,2025-08-01T16:00:00
ACC00048,Demo User 0048,user00048@safeupi,DemoBank-D,Bengaluru,customer,low,0,2024-09-01T08:00:00
ACC00049,Demo User 0049,user00049@safeupi,DemoBank-A,Jaipur,customer,low,0,2024-11-19T02:00:00
ACC00050,Demo User 0050,user00050@safeupi,DemoBank-B,Lucknow,customer,low,0,2024-04-12T02:00:00
ACC00051,Demo User 0051,user00051@safeupi,DemoBank-C,Chennai,customer,medium,0,2024-03-11T07:00:00
ACC00052,Demo User 0052,user00052@safeupi,DemoBank-A,Lucknow,customer,medium,0,2025-12-21T09:00:00
ACC00053,Demo User 0053,user00053@safeupi,DemoBank-C,Mumbai,merchant,low,0,2026-06-18T04:00:00
ACC00054,Demo User 0054,user00054@safeupi,DemoBank-C,Ahmedabad,customer,low,0,2024-06-08T08:00:00
ACC00055,Demo User 0055,user00055@safeupi,DemoBank-C,Lucknow,customer,low,0,2025-12-04T20:00:00
ACC00056,Demo User 0056,user00056@safeupi,DemoBank-A,Pune,customer,medium,0,2026-05-16T01:00:00
ACC00057,Demo User 0057,user00057@safeupi,DemoBank-C,Bengaluru,customer,low,0,2024-12-07T04:00:00
ACC00058,Demo User 0058,user00058@safeupi,DemoBank-D,Lucknow,customer,high,1,2025-07-18T22:00:00
ACC00059,Demo User 0059,user00059@safeupi,DemoBank-A,Kolkata,customer,low,0,2025-12-08T04:00:00
ACC00060,Demo User 0060,user00060@safeupi,DemoBank-C,Kolkata,merchant,low,0,2024-05-10T01:00:00
ACC00061,Demo User 0061,user00061@safeupi,DemoBank-C,Hyderabad,customer,medium,0,2026-05-31T01:00:00
ACC00062,Demo User 0062,user00062@safeupi,DemoBank-D,Ahmedabad,customer,low,0,2024-12-28T17:00:00
ACC00063,Demo User 0063,user00063@safeupi,DemoBank-B,Pune,customer,high,1,2024-08-30T05:00:00
ACC00064,Demo User 0064,user00064@safeupi,DemoBank-B,Chennai,customer,low,0,2024-12-06T13:00:00
ACC00065,Demo User 0065,user00065@safeupi,DemoBank-D,Hyderabad,customer,low,0,2025-01-26T01:00:00
ACC00066,Demo User 0066,user00066@safeupi,DemoBank-B,Hyderabad,customer,medium,0,2024-12-24T09:00:00
ACC00067,Demo User 0067,user00067@safeupi,DemoBank-A,Chennai,customer,low,0,2024-12-02T08:00:00
ACC00068,Demo User 0068,user00068@safeupi,DemoBank-C,Delhi,customer,low,0,2025-11-26T17:00:00
ACC00069,Demo User 0069,user00069@safeupi,DemoBank-C,Delhi,customer,high,0,2024-07-01T18:00:00
ACC00070,Demo User 0070,user00070@safeupi,DemoBank-D,Ahmedabad,merchant,low,0,2026-01-16T10:00:00
ACC00071,Demo User 0071,user00071@safeupi,DemoBank-B,Chennai,customer,high,1,2024-04-28T12:00:00
ACC00072,Demo User 0072,user00072@safeupi,DemoBank-B,Kolkata,customer,low,0,2025-06-16T17:00:00
ACC00073,Demo User 0073,user00073@safeupi,DemoBank-C,Mumbai,customer,medium,0,2024-12-04T19:00:00
ACC00074,Demo User 0074,user00074@safeupi,DemoBank-D,Kolkata,customer,low,0,2024-11-12T21:00:00
ACC00075,Demo User 0075,user00075@safeupi,DemoBank-D,Pune,customer,low,0,2024-05-10T06:00:00
ACC00076,Demo User 0076,user00076@safeupi,DemoBank-C,Pune,customer,medium,0,2025-09-22T18:00:00
ACC00077,Demo User 0077,user00077@safeupi,DemoBank-D,Ahmedabad,customer,low,0,2024-10-20T06:00:00
ACC00078,Demo User 0078,user00078@safeupi,DemoBank-B,Lucknow,customer,low,0,2025-03-28T14:00:00
ACC00079,Demo User 0079,user00079@safeupi,DemoBank-B,Mumbai,customer,medium,0,2026-03-26T23:00:00
ACC00080,Demo User 0080,user00080@safeupi,DemoBank-A,Hyderabad,customer,low,0,2025-09-26T10:00:00
ACC00081,Demo User 0081,user00081@safeupi,DemoBank-A,Delhi,customer,low,0,2024-07-22T04:00:00
ACC00082,Demo User 0082,user00082@safeupi,DemoBank-D,Pune,merchant,low,0,2026-05-20T02:00:00
ACC00083,Demo User 0083,user00083@safeupi,DemoBank-D,Jaipur,customer,low,0,2026-01-05T22:00:00
ACC00084,Demo User 0084,user00084@safeupi,DemoBank-A,Pune,customer,low,0,2025-12-05T00:00:00
ACC00085,Demo User 0085,user00085@safeupi,DemoBank-D,Delhi,customer,medium,0,2025-12-13T16:00:00
ACC00086,Demo User 0086,user00086@safeupi,DemoBank-B,Jaipur,customer,medium,0,2024-05-04T14:00:00
ACC00087,Demo User 0087,user00087@safeupi,DemoBank-D,Ahmedabad,customer,high,0,2025-09-01T10:00:00
ACC00088,Demo User 0088,user00088@safeupi,DemoBank-D,Bengaluru,customer,medium,0,2025-03-12T17:00:00
ACC00089,Demo User 0089,user00089@safeupi,DemoBank-C,Lucknow,customer,low,0,2024-09-22T07:00:00
ACC00090,Demo User 0090,user00090@safeupi,DemoBank-C,Hyderabad,customer,low,0,2025-03-26T02:00:00
ACC00091,Demo User 0091,user00091@safeupi,DemoBank-B,Bengaluru,customer,low,0,2025-07-07T02:00:00
ACC00092,Demo User 0092,user00092@safeupi,DemoBank-A,Pune,customer,low,0,2025-12-24T06:00:00
ACC00093,Demo User 0093,user00093@safeupi,DemoBank-B,Pune,customer,low,0,2025-03-01T01:00:00
ACC00094,Demo User 0094,user00094@safeupi,DemoBank-D,Jaipur,customer,medium,0,2025-12-13T00:00:00
ACC00095,Demo User 0095,user00095@safeupi,DemoBank-D,Lucknow,customer,low,0,2026-02-10T12:00:00
ACC00096,Demo User 0096,user00096@safeupi,DemoBank-D,Hyderabad,customer,low,0,2025-09-09T07:00:00
ACC00097,Demo User 0097,user00097@safeupi,DemoBank-D,Bengaluru,customer,low,0,2025-02-02T10:00:00
ACC00098,Demo User 0098,user00098@safeupi,DemoBank-A,Pune,customer,medium,0,2025-09-29T17:00:00
ACC00099,Demo User 0099,user00099@safeupi,DemoBank-D,Bengaluru,merchant,low,0,2024-03-26T20:00:00
ACC00100,Demo User 0100,user00100@safeupi,DemoBank-C,Hyderabad,customer,low,0,2024-09-23T12:00:00
ACC00101,Demo User 0101,user00101@safeupi,DemoBank-C,Pune,customer,low,0,2026-06-19T12:00:00
ACC00102,Demo User 0102,user00102@safeupi,DemoBank-A,Kolkata,customer,low,0,2024-01-20T23:00:00
ACC00103,Demo User 0103,user00103@safeupi,DemoBank-A,Hyderabad,customer,low,0,2025-10-29T01:00:00
ACC00104,Demo User 0104,user00104@safeupi,DemoBank-B,Jaipur,customer,low,0,2024-06-05T07:00:00
ACC00105,Demo User 0105,user00105@safeupi,DemoBank-C,Kolkata,customer,low,0,2024-08-11T14:00:00
ACC00106,Demo User 0106,user00106@safeupi,DemoBank-A,Bengaluru,merchant,low,0,2026-02-04T22:00:00
ACC00107,Demo User 0107,user00107@safeupi,DemoBank-D,Pune,merchant,low,0,2024-01-27T09:00:00
ACC00108,Demo User 0108,user00108@safeupi,DemoBank-B,Mumbai,customer,low,0,2025-08-29T22:00:00
ACC00109,Demo User 0109,user00109@safeupi,DemoBank-A,Ahmedabad,customer,low,0,2025-12-01T19:00:00
ACC00110,Demo User 0110,user00110@safeupi,DemoBank-C,Mumbai,customer,low,0,2025-03-14T21:00:00
ACC00111,Demo User 0111,user00111@safeupi,DemoBank-D,Mumbai,customer,low,0,2026-05-19T13:00:00
ACC00112,Demo User 0112,user00112@safeupi,DemoBank-B,Pune,customer,low,0,2026-04-28T14:00:00
ACC00113,Demo User 0113,user00113@safeupi,DemoBank-D,Jaipur,customer,low,0,2025-10-28T08:00:00
ACC00114,Demo User 0114,user00114@safeupi,DemoBank-B,Mumbai,customer,low,0,2024-10-01T10:00:00
ACC00115,Demo User 0115,user00115@safeupi,DemoBank-D,Kolkata,customer,low,0,2026-02-07T14:00:00
ACC00116,Demo User 0116,user00116@safeupi,DemoBank-B,Kolkata,customer,medium,0,2024-07-05T15:00:00
ACC00117,Demo User 0117,user00117@safeupi,DemoBank-C,Lucknow,customer,low,0,2025-09-02T22:00:00
ACC00118,Demo User 0118,user00118@safeupi,DemoBank-D,Jaipur,customer,medium,0,2024-03-28T07:00:00
ACC00119,Demo User 0119,user00119@safeupi,DemoBank-D,Jaipur,customer,low,0,2025-05-02T20:00:00
ACC00120,Demo User 0120,user00120@safeupi,DemoBank-B,Chennai,customer,low,0,2024-08-14T12:00:00
ACC00121,Demo User 0121,user00121@safeupi,DemoBank-C,Pune,merchant,low,0,2025-07-20T16:00:00
ACC00122,Demo User 0122,user00122@safeupi,DemoBank-D,Chennai,customer,low,0,2024-12-26T22:00:00
ACC00123,Demo User 0123,user00123@safeupi,DemoBank-C,Mumbai,customer,low,0,2026-01-08T06:00:00
ACC00124,Demo User 0124,user00124@safeupi,DemoBank-B,Hyderabad,customer,medium,0,2025-12-07T05:00:00
ACC00125,Demo User 0125,user00125@safeupi,DemoBank-C,Mumbai,customer,low,0,2025-08-26T16:00:00
ACC00126,Demo User 0126,user00126@safeupi,DemoBank-C,Delhi,customer,low,0,2025-01-04T05:00:00
ACC00127,Demo User 0127,user00127@safeupi,DemoBank-C,Bengaluru,customer,low,0,2024-02-16T01:00:00
ACC00128,Demo User 0128,user00128@safeupi,DemoBank-C,Jaipur,customer,low,0,2024-04-15T00:00:00
ACC00129,Demo User 0129,user00129@safeupi,DemoBank-D,Mumbai,customer,low,0,2024-02-22T08:00:00
ACC00130,Demo User 0130,user00130@safeupi,DemoBank-A,Bengaluru,customer,low,0,2024-03-16T18:00:00
ACC00131,Demo User 0131,user00131@safeupi,DemoBank-B,Mumbai,customer,low,0,2024-11-07T02:00:00
ACC00132,Demo User 0132,user00132@safeupi,DemoBank-B,Lucknow,customer,low,0,2025-09-02T19:00:00
ACC00133,Demo User 0133,user00133@safeupi,DemoBank-D,Chennai,customer,medium,0,2024-10-31T18:00:00
ACC00134,Demo User 0134,user00134@safeupi,DemoBank-B,Hyderabad,customer,low,0,2026-01-27T03:00:00
ACC00135,Demo User 0135,user00135@safeupi,DemoBank-A,Bengaluru,customer,low,0,2024-09-02T05:00:00
ACC00136,Demo User 0136,user00136@safeupi,DemoBank-C,Delhi,customer,low,0,2025-08-31T15:00:00
ACC00137,Demo User 0137,user00137@safeupi,DemoBank-A,Hyderabad,merchant,low,0,2025-12-20T14:00:00
ACC00138,Demo User 0138,user00138@safeupi,DemoBank-B,Pune,customer,medium,0,2025-10-02T18:00:00
ACC00139,Demo User 0139,user00139@safeupi,DemoBank-B,Mumbai,customer,low,0,2024-06-01T08:00:00
ACC00140,Demo User 0140,user00140@safeupi,DemoBank-C,Jaipur,customer,high,1,2026-03-22T09:00:00
ACC00141,Demo User 0141,user00141@safeupi,DemoBank-C,Lucknow,customer,low,0,2025-12-17T12:00:00
ACC00142,Demo User 0142,user00142@safeupi,DemoBank-D,Kolkata,customer,low,0,2025-09-04T01:00:00
ACC00143,Demo User 0143,user00143@safeupi,DemoBank-A,Chennai,customer,low,0,2024-08-22T21:00:00
ACC00144,Demo User 0144,user00144@safeupi,DemoBank-D,Chennai,customer,medium,0,2024-06-28T15:00:00
ACC00145,Demo User 0145,user00145@safeupi,DemoBank-A,Jaipur,customer,low,0,2025-10-12T15:00:00
ACC00146,Demo User 0146,user00146@safeupi,DemoBank-B,Kolkata,customer,low,0,2025-11-17T03:00:00
ACC00147,Demo User 0147,user00147@safeupi,DemoBank-A,Jaipur,customer,low,0,2025-11-09T12:00:00
ACC00148,Demo User 0148,user00148@safeupi,DemoBank-A,Lucknow,customer,low,0,2024-04-28T12:00:00
ACC00149,Demo User 0149,user00149@safeupi,DemoBank-D,Jaipur,customer,low,0,2025-06-14T11:00:00
ACC00150,Demo User 0150,user00150@safeupi,DemoBank-C,Jaipur,merchant,low,0,2025-07-16T04:00:00
ACC00151,Demo User 0151,user00151@safeupi,DemoBank-B,Bengaluru,customer,low,0,2024-01-30T20:00:00
ACC00152,Demo User 0152,user00152@safeupi,DemoBank-B,Mumbai,customer,low,0,2025-02-21T02:00:00
ACC00153,Demo User 0153,user00153@safeupi,DemoBank-D,Chennai,customer,low,0,2026-05-02T04:00:00
ACC00154,Demo User 0154,user00154@safeupi,DemoBank-D,Hyderabad,customer,low,0,2026-05-04T15:00:00
ACC00155,Demo User 0155,user00155@safeupi,DemoBank-B,Mumbai,customer,low,0,2024-07-14T19:00:00
ACC00156,Demo User 0156,user00156@safeupi,DemoBank-C,Delhi,customer,medium,0,2025-02-28T10:00:00
ACC00157,Demo User 0157,user00157@safeupi,DemoBank-D,Bengaluru,customer,low,0,2025-08-24T18:00:00
ACC00158,Demo User 0158,user00158@safeupi,DemoBank-D,Jaipur,merchant,low,0,2024-12-06T17:00:00
ACC00159,Demo User 0159,user00159@safeupi,DemoBank-D,Hyderabad,customer,medium,0,2025-12-15T07:00:00
ACC00160,Demo User 0160,user00160@safeupi,DemoBank-D,Pune,customer,low,0,2024-11-21T23:00:00
ACC00161,Demo User 0161,user00161@safeupi,DemoBank-B,Jaipur,merchant,low,0,2026-04-20T20:00:00
ACC00162,Demo User 0162,user00162@safeupi,DemoBank-A,Jaipur,customer,low,0,2025-08-27T10:00:00
ACC00163,Demo User 0163,user00163@safeupi,DemoBank-B,Pune,merchant,medium,0,2024-01-16T23:00:00
ACC00164,Demo User 0164,user00164@safeupi,DemoBank-D,Chennai,customer,high,1,2024-06-07T02:00:00
ACC00165,Demo User 0165,user00165@safeupi,DemoBank-C,Lucknow,customer,low,0,2025-10-27T02:00:00
ACC00166,Demo User 0166,user00166@safeupi,DemoBank-A,Ahmedabad,customer,low,0,2026-01-05T15:00:00
ACC00167,Demo User 0167,user00167@safeupi,DemoBank-A,Pune,merchant,low,0,2024-10-21T07:00:00
ACC00168,Demo User 0168,user00168@safeupi,DemoBank-D,Bengaluru,customer,medium,0,2025-12-21T03:00:00
ACC00169,Demo User 0169,user00169@safeupi,DemoBank-A,Chennai,customer,medium,0,2024-02-17T10:00:00
ACC00170,Demo User 0170,user00170@safeupi,DemoBank-D,Ahmedabad,customer,low,0,2024-09-07T16:00:00
ACC00171,Demo User 0171,user00171@safeupi,DemoBank-D,Ahmedabad,customer,low,0,2024-06-28T02:00:00
ACC00172,Demo User 0172,user00172@safeupi,DemoBank-B,Jaipur,customer,low,0,2025-08-20T04:00:00
ACC00173,Demo User 0173,user00173@safeupi,DemoBank-D,Chennai,customer,low,0,2025-11-13T00:00:00
ACC00174,Demo User 0174,user00174@safeupi,DemoBank-D,Kolkata,merchant,high,1,2024-06-10T02:00:00
ACC00175,Demo User 0175,user00175@safeupi,DemoBank-C,Jaipur,customer,low,0,2025-03-10T22:00:00
ACC00176,Demo User 0176,user00176@safeupi,DemoBank-A,Hyderabad,customer,low,0,2025-01-28T15:00:00
ACC00177,Demo User 0177,user00177@safeupi,DemoBank-C,Delhi,merchant,low,0,2024-10-29T22:00:00
ACC00178,Demo User 0178,user00178@safeupi,DemoBank-A,Ahmedabad,customer,low,0,2024-10-08T00:00:00
ACC00179,Demo User 0179,user00179@safeupi,DemoBank-C,Hyderabad,customer,medium,0,2024-10-20T07:00:00
ACC00180,Demo User 0180,user00180@safeupi,DemoBank-B,Mumbai,merchant,low,0,2025-11-25T23:00:00
ACC00181,Demo User 0181,user00181@safeupi,DemoBank-A,Ahmedabad,customer,low,0,2024-11-12T14:00:00
ACC00182,Demo User 0182,user00182@safeupi,DemoBank-D,Bengaluru,customer,low,0,2024-10-29T10:00:00
ACC00183,Demo User 0183,user00183@safeupi,DemoBank-C,Bengaluru,customer,medium,0,2026-06-16T11:00:00
ACC00184,Demo User 0184,user00184@safeupi,DemoBank-C,Mumbai,customer,medium,0,2025-05-08T09:00:00
ACC00185,Demo User 0185,user00185@safeupi,DemoBank-D,Lucknow,customer,low,0,2026-02-11T07:00:00
ACC00186,Demo User 0186,user00186@safeupi,DemoBank-A,Jaipur,customer,medium,0,2024-01-15T08:00:00
ACC00187,Demo User 0187,user00187@safeupi,DemoBank-D,Kolkata,customer,low,0,2024-09-25T18:00:00
ACC00188,Demo User 0188,user00188@safeupi,DemoBank-C,Ahmedabad,customer,low,0,2024-01-26T19:00:00
ACC00189,Demo User 0189,user00189@safeupi,DemoBank-D,Chennai,customer,high,1,2024-03-05T20:00:00
ACC00190,Demo User 0190,user00190@safeupi,DemoBank-A,Delhi,customer,high,1,2024-04-29T04:00:00
ACC00191,Demo User 0191,user00191@safeupi,DemoBank-B,Pune,customer,low,0,2024-04-09T07:00:00
ACC00192,Demo User 0192,user00192@safeupi,DemoBank-D,Ahmedabad,customer,low,0,2026-01-30T22:00:00
ACC00193,Demo User 0193,user00193@safeupi,DemoBank-A,Jaipur,customer,low,0,2025-02-28T20:00:00
ACC00194,Demo User 0194,user00194@safeupi,DemoBank-C,Hyderabad,customer,medium,0,2024-10-13T01:00:00
ACC00195,Demo User 0195,user00195@safeupi,DemoBank-A,Kolkata,customer,medium,0,2026-05-25T11:00:00
ACC00196,Demo User 0196,user00196@safeupi,DemoBank-D,Chennai,customer,high,0,2025-01-02T01:00:00
ACC00197,Demo User 0197,user00197@safeupi,DemoBank-A,Hyderabad,customer,low,0,2026-05-18T14:00:00
ACC00198,Demo User 0198,user00198@safeupi,DemoBank-C,Hyderabad,merchant,low,0,2024-01-22T01:00:00
ACC00199,Demo User 0199,user00199@safeupi,DemoBank-B,Ahmedabad,customer,medium,0,2024-07-29T02:00:00
ACC00200,Demo User 0200,user00200@safeupi,DemoBank-A,Chennai,customer,medium,0,2024-12-02T04:00:00
